authorID,firstName,lastName
1,Charissa,Garrett
2,Micah,Emerald
3,Yoko,Moana
4,Eaton,Nelle
5,Jason,Daria
6,Amity,Cameron
7,Uta,Imogene
8,Melvin,Raymond
9,Travis,Timon
10,Dieter,Mia
11,Caesar,Knox
12,Audra,Angelica
13,Tamekah,Branden
14,Hiroko,Nicole
15,Hiroko,Tad
16,Lewis,Xyla
17,Olivia,Keane
18,Alexa,Christen
19,Kim,Xanthus
20,Angela,Ursula
21,Julian,Nicole
22,Sage,Ciaran
23,Neve,Stewart
24,Camille,Hadassah
25,Rajah,Kaitlin
26,Gavin,Cassidy
27,Quintessa,Donovan
28,Zena,Palmer
29,Alexa,Aretha
30,Eleanor,Akeem
31,Isaiah,Jameson
32,Xantha,Hayfa
33,Caryn,Tara
34,Naomi,Nadine
35,Jordan,Zena
36,Ariel,Cairo
37,Stephanie,Rebekah
38,Brenda,Meghan
39,Bryar,Melissa
40,Amelia,Lionel
41,Wendy,Tarik
42,Melissa,Oliver
43,Shaeleigh,Noble
44,Vance,Curran
45,Haviva,Ora
46,Deirdre,Jaquelyn
47,Quamar,Darrel
48,Colin,Demetrius
49,Samantha,Brett
50,Kenneth,Conan
51,Keefe,May
52,Mary,Logan
53,Lynn,Madeline
54,Teagan,Charissa
55,Ella,Travis
56,Wing,Robert
57,John,Zachery
58,Anika,Germane
59,Bianca,Abdul
60,Darius,Brody
61,Jerome,Vivien
62,Stacy,Phoebe
63,Zeus,Brandon
64,Rhona,Ayanna
65,Jaime,Russell
66,Fredericka,Brenna
67,Shellie,Walter
68,Adara,Lane
69,Branden,Hedwig
70,Germaine,Adara
71,Gabriel,Sebastian
72,Kai,Sybill
73,Tamara,Samuel
74,Rudyard,Emi
75,Gray,Guy
76,Baker,Quail
77,Rhea,Erica
78,Brandon,Mallory
79,Cheryl,Chanda
80,Shana,Taylor
81,Laith,Hannah
82,Pearl,Gregory
83,Tanisha,Zane
84,Uriah,Veda
85,Belle,Paula
86,Mannix,Irma
87,Kiayada,Emmanuel
88,Illiana,Noel
89,Elliott,Griffin
90,Jeremy,Fleur
91,Ivy,Maggie
92,Brenna,Harriet
93,Lucy,Paul
94,Calvin,Meghan
95,Anjolie,Adele
96,Hilda,George
97,Yoshio,Lars
98,Bree,Linus
99,Anne,Allistair
100,Kenneth,Nolan